key,url
a-a1,https://www.pentair.com/en-us/pool-spa/products/filters/clean-and-clear-cartridge-filters.html
a-a2,https://www.pentair.com/en-us/pool-spa/products/pumps/intelliflo3-vsf-pool-pump.html
a-a3,https://www.pentair.com/en-us/pool-spa/products/pumps/intelliflo3-vsf-pool-pump.html
a-a4,https://www.pentair.com/en-us/products/residential/pool-spa-equipment/pool-automation/intellicenter-lite-control-system.html
a-a5,https://www.pentair.com/en-us/pool-spa/products/water-treatment/intellichlor-plus-lt-salt-chlorine-generators.html
a-a6,https://www.poolheatpumps.com/pool-heat-pumps/gulfstream-he150ra-pool-heat-pump.html?srsltid=AU7gw4U6ZPi8waD_DH1t3pIE6RPNxRFDHV9fVmIm6_9DuKsKK92dNvUf
b-b1,https://www.aquastarpoolproducts.com/draincoverspecifications/wav9wrxxxf
b-b3,https://www.inyopools.com/Products/02200022061653.htm
b-b4,https://www.hayward.com/threaded-return-fitting-for-concrete-1-1-2-fip-open-line-sp1022.html
b-b5,https://www.spearsmfg.com/
c-c1,https://www.hubbell.com/burndy/en/products/bwb680ig-in-ground-pool-water-bonding-kit/p/484312
c-c2,https://www.southwire.com/categories/c-wire-cable
c-c3,https://www.southwire.com/categories/c-wire-cable
c-c4,https://www.cantexinc.com/products/pvc-pipe-conduit
c-c5,https://www.southwire.com/categories/c-electrical-components
c-c6,https://www.abb.com/global/en/areas/electrification/low-voltage/connectors-grounding-terminations/grounding
d-dh10,https://www.hafele.com/th/en/product/door-hinge-concealed-for-flush-interior-doors-up-to-80-100-kg/92791833/?MasterSKU=P-00862553
d-dh11,https://www.hafele.com/us/en/product/door-hinge-center-hung-top-pivot/P-01498889/
d-dh12,https://www.hafele.si/en/product/door-viewer-up-to-door-thickness-82-mm-startec/95901042/?MasterSKU=P-00873696
d-dh13,https://www.hafele.co.uk/en/product/fitting-set-for-sliding-interior-pocket-doors-hawa-junior-100-b-pocket/P-01580146/
d-dh14,https://www.hafele.com/us/en/product/sliding-door-hardware-haefele-slido-d-line11-160p-set/94162018/?MasterSKU=P-01499186
d-dh15,"https://mylock.saltosystems.com/en/custom/aelement-fusion#2,285,14,41,131,78,82,91"
d-dh16,"https://mylock.saltosystems.com/en/custom/aelement-fusion#2,285,14,41,131,78,82,91"
d-dh17,"https://mylock.saltosystems.com/en/custom/aelement-fusion#2,285,14,41,131,78,82,91"
d-dh9,https://dach.assaabloy.com/ch/en/product-catalogue/planet-t611079-p371898-planet-x3
e-e1,https://new.abb.com/products/1TQP340109A0000/pcc4022
e-e10,https://new.abb.com/products/1TQQ021030X0100/thql2130
e-e2,https://new.abb.com/products/1TQP316106A0000/pcc1612
e-e3,https://new.abb.com/products/1TQS100000A1058/pams3022trnus
e-e4,https://new.abb.com/products/2CJC108120S1400/rgwmsp120s08t14
e-e5,https://new.abb.com/products/1TQQ011020X1400/thql1120paf2
e-e6,https://new.abb.com/products/de/1TQQ021080X0000/thql2180
e-e7,https://new.abb.com/products/1TQQ021040X0100/thql2140
e-e8,https://electrification.us.abb.com/products/circuit-breakers/ground-fault-circuit-interrupter-self-test-gfci
e-e9,https://empower.abb.com/ecatalog/ec/EN_NA/p/THQL2120
f-f1,https://www.cdivalve.com/products/detail/r400-series-bob-float-valves
f-f2,https://www.bonominorthamerica.com/en/product/rubinetterie-bresciane/euroblock/100102_18335
g-g1,https://www.akvalvesltd.com/products/pvc-ball-valve-double-union-ch-aquaram?srsltid=AU7gw4U2YNKOct-rUK3J9y8I-E_k5YURXhnzyILklGieHhzL8DUIl9PY
g-g2,https://www.jandy.com/en/products/pool-valves/check-valves/check
g-g3,https://spearsmfg.com/
h-h1,https://www.dornbracht.com/en-fi/products/13716882-42/deck-mounted-basin-spout-without-pop-up-waste-brushed-bronze-pvd-
h-h2,https://www.dornbracht.com/en/products/20000740-46/deck-valve-clockwise-closing-cold-brushed-champagne-22kt-gold-
h-h3,https://www.dornbracht.com/en-gb/products/27812660-420010/hand-shower-set-with-integrated-shower-holder-flowreduce-brushed-bronze-pvd-
h-h5,https://www.dornbracht.com/en-gb/products/36503979-42/xtool-concealed-thermostat-without-volume-control-brushed-bronze-pvd-
h-h5.1,https://www.dornbracht.com/en-gb/products/36607740-42/wall-valve-clockwise-closing-brushed-bronze-pvd-
h-h5.2,https://www.dornbracht.com/en-gb/products/3551197090/xtool-concealed-thermostat-module-with-1-valve
h-h6,https://www.dornbracht.com/en/products/83251220-42/hooks-brushed-bronze-pvd-
h-h7,https://www.dornbracht.com/en/products/83500979-42/tissue-holder-without-cover-brushed-bronze-pvd-
h-h8,https://www.totousa.com/neorest-wx1-wall-hung-toilet?color=cotton
ltrn-ltrn1,https://support.lutron.com/uk/en/product/myroom-xc/component/processors-and-interfaces/guest-room-edge-processor/mp-1l-gcu/documents
ltrn-ltrn10,https://support.lutron.com/us/en/product/homeworks/article/dimmers-and-keypads/app-note-705-international-palladiom-keypad-installation-best-practices
ltrn-ltrn11,https://support.lutron.com/us/en/product/vive/component/sensors/radio-powr-savr-ceiling/lrf2-ocr2b-p
ltrn-ltrn12,https://support.lutron.com/us/en/product/myroom-xc/component/processors/qs-sensor-module/qsm2-xw-c
ltrn-ltrn13,https://www.lutron.com/us/en/control/occupancy-sensors-timers/in-wall-motion-sensor-switches?sku=ms-ops2-wh
ltrn-ltrn14,https://www.lutron.com/us/en/controls/wallplates-accessories/designer-style
ltrn-ltrn15,https://support.lutron.com/us/en/product/myroom-xc/component/temperature-control/palladiom-thermostat/mwp-t-ohw/documents
ltrn-ltrn16,https://support.lutron.com/us/en/product/myroom-xc/component/temperature-control/fan-coil-unit-controller/smc55-myrm
ltrn-ltrn17,https://support.lutron.com/us/en/product/homeworks/component/control-interfaces/qse-io
ltrn-ltrn18,https://support.lutron.com/us/en/warranty
ltrn-ltrn19,https://www.lutron.com
ltrn-ltrn2,https://support.lutron.com/us/en/product/myroom-xc/component/power-supplies/myroom-qs-link/mqsps-dh-1-30
ltrn-ltrn20,https://www.lutron.com
ltrn-ltrn21,https://www.lutron.com
ltrn-ltrn22,https://www.lutron.com
ltrn-ltrn23,https://www.lutron.com
ltrn-ltrn24,https://www.lutron.com
ltrn-ltrn25,https://www.lutron.com
ltrn-ltrn25.1,https://www.lutron.com
ltrn-ltrn25.2,https://www.lutron.com
ltrn-ltrn26,https://www.lutron.com
ltrn-ltrn26.1,https://www.lutron.com
ltrn-ltrn3,https://support.lutron.com/us/en/product/homeworks/component/panels/pd4/pd4-36f-120/documents
ltrn-ltrn4,https://support.lutron.com/us/en/product/myroom-xc/component/load-controllers/phase-dimming/mqse-4a1-d
ltrn-ltrn5,https://support.lutron.com/us/en/product/myroom-xc/component/load-controllers/non-dim/mqse-2s1-d
ltrn-ltrn6,https://support.lutron.com/us/en/product/myroom-xc/component/load-controllers/dali/qsn-1dalunv-d
ltrn-ltrn7,https://luxury.lutron.com/uk/en/controls/alisse-keypad
ltrn-ltrn8,https://luxury.lutron.com/uk/en/controls/alisse-keypad
ltrn-ltrn9,https://luxury.lutron.com/uk/en/controls/alisse-keypad
p-p1,https://www.bradfordwhite.com/commercial-electric-water-heaters/
p-p11,https://www.charlottepipe.com/products/plastics/flowguard-gold-copper-tube-size-cts-cpvc-pipe-and-fittings-system
p-p12,https://www.charlottepipe.com/products/plastics/flowguard-gold-copper-tube-size-cts-cpvc-pipe-and-fittings-system
p-p13,https://www.charlottepipe.com/products/plastics/flowguard-gold-copper-tube-size-cts-cpvc-pipe-and-fittings-system
p-p14,https://www.ferguson.com/product/proflo-3-in.-plastic-roof-drain-pf42870/1333313.html?srsltid=AU7gw4Uy-KLjctMOAsrGurZOsStjbjCV64N99XG_ORQQ_rmvObrt1Hv-
p-p2,https://www.tacocomfort.com/product/2400-series-high-capacity-circulators/
p-p3,https://www.tacocomfort.com/product/00-timer-aquastat/
p-p4,https://www.fergusonhome.com/proflo-pf71dc/s992408?srsltid=AU7gw4UFa0IrxLYTS3-szHn523O4-Z5-y7YKqygFt6Va_FV7Q655Mfr-
p-p5,https://ussolid.com/products/1-2-mini-ball-valve-316-stainless-steel-female-male-thread-2pcs?srsltid=AU7gw4WUctDMPdGZjQ8tsreluaxlCTQazpajeXI182qGaBRZtBLE6lM1
p-p6,https://www.brasscraft.com/product/12-in-nom-comp-x-38-in-o-d-comp-6/
p-p7,https://www.ferguson.com/product/proflo-pfx146-3%2F8-in.-compression-x-1%2F2-in.-fip-x-16-in.-stainless-steel-and-pvc-reinforced-sink-flexible-water-connector-pfx146023/3866359.html?srsltid=AU7gw4WE85N4QB5vxUDlzE1CibVWMnniH4avF1hLDSwEiytkFlljbZfU
p-p8,https://www.ferguson.com/product/proflo-100-series-1-1%2F2-in.-brass-p-trap-in-polished-chrome-pfptb112/4055901.html?srsltid=AU7gw4VrN7xrTnndbwdOGfo8gylOyD2uWO5R86thnq5gC6p0TD0s_8t1
p-p9,https://www.jm.com/en/insulation-systems/mechanical-insulation/micro-lok-hp-pipe-insulation/
p-p9,https://www.jonesstephens.com/poly-insulation
pl-a,https://www.lucelight.it/en/prodotto.php/3686
pl-b,https://www.lucelight.it/en/prodotto.php/108089
